2;frb_hitArea
26;frb_states
29;FHighlightSymbol
62;UpArrow
81;ScrollThumb
106;DownArrow
107;fcb_hitArea
129;fcb_states
132;FLabelSymbol
133;FUIComponentSymbol
136;picj
143;pici
146;pich
147;pice
150;picd
153;picc
156;picb
158;rectangle
162;FBoundingBoxSymbol
165;FRadioButtonSymbol
168;FScrollBarSymbol
168;FScrollBarSymbol
169;DataProviderSymbol
170;FSelectableItemSymbol
171;FSelectableListSymbol
172;FScrollSelectListSymbol
173;FComboBoxItemSymbol
162;FBoundingBoxSymbol
176;FComboBoxSymbol
162;FBoundingBoxSymbol
179;FCheckBoxSymbol
196;pic
179;FCheckBoxSymbol
176;FComboBoxSymbol
176;FComboBoxSymbol
176;FComboBoxSymbol
176;FComboBoxSymbol
176;FComboBoxSymbol
165;FRadioButtonSymbol
165;FRadioButtonSymbol
165;FRadioButtonSymbol
165;FRadioButtonSymbol
179;FCheckBoxSymbol
