1;vache
2;mouton
3;loop
4;boom
15;BoundingBox
16;DataProvider
17;DataSelector
18;Defaults
19;UIObjectExtensions
20;UIObject
25;FocusRect
26;FocusManager
27;UIComponentExtensions
28;UIComponent
29;SelectableRow
31;BrdrShdw
33;BrdrFace
34;SimpleButtonDown
36;BrdrBlk
38;BrdrHilght
39;SimpleButtonIn
40;SimpleButtonUp
41;SimpleButton
42;Border
43;RectBorder
44;ButtonSkin
45;Button
46;CustomBorder
49;ScrollTrack
56;ScrollDownArrowDisabled
58;ScrollThemeColor1
60;ScrollThemeColor2
61;ScrollDownArrowDown
62;ScrollDownArrowOver
63;ScrollDownArrowUp
69;ScrollThumbBottomDisabled
71;ThumbThemeColor1
73;ThumbThemeColor3
74;ScrollThumbBottomDown
75;ScrollThumbBottomOver
76;ScrollThumbBottomUp
78;ScrollThumbGripDisabled
80;ThumbThemeColor2
81;ScrollThumbGripDown
82;ScrollThumbGripOver
83;ScrollThumbGripUp
85;ScrollThumbMiddleDisabled
86;ScrollThumbMiddleDown
90;ScrollThumbMiddleOver
91;ScrollThumbMiddleUp
92;ScrollThumbTopDisabled
93;ScrollThumbTopDown
94;ScrollThumbTopOver
95;ScrollThumbTopUp
96;ScrollTrackDisabled
97;ScrollUpArrowDisabled
98;ScrollUpArrowDown
99;ScrollUpArrowOver
100;ScrollUpArrowUp
101;BtnDownArrow
102;BtnUpArrow
103;ScrollBarAssets
104;HScrollBar
105;VScrollBar
106;View
107;ScrollView
108;ScrollSelectList
109;List
109;List
142;DataBindingClasses
142;DataBindingClasses
171;UIScrollBar
171;UIScrollBar
175;RadioFalseDisabled
177;RadioThemeColor1
181;RadioThemeColor2
182;RadioFalseDown
183;RadioFalseOver
184;RadioFalseUp
185;RadioTrueDisabled
186;RadioTrueUp
187;RadioButtonAssets
188;RadioButton
188;RadioButton
192;CheckFalseDisabled
194;CheckThemeColor1
196;CheckFalseDown
197;CheckFalseOver
199;CheckFalseUp
201;CheckTrueDisabled
202;CheckTrueDown
203;CheckTrueOver
204;CheckTrueUp
205;CheckBoxAssets
206;CheckBox
206;CheckBox
211;TextInput
212;ComboBase
217;ComboDownArrowUp
218;ComboDownArrowDisabled
220;ComboThemeColor1
221;ComboDownArrowDown
222;ComboDownArrowOver
223;ComboAssets
224;ComboBox
224;ComboBox
232;XMLConnector
232;XMLConnector
232;XMLConnector
224;ComboBox
143;__Packages.mx.data.binding.Binding
157;__Packages.mx.data.binding.EndPoint
145;__Packages.mx.data.binding.DataAccessor
144;__Packages.mx.data.binding.TypedValue
155;__Packages.mx.data.binding.Formatter
156;__Packages.mx.data.binding.DataType
508;__Packages.mx.data.types.Obj
509;__Packages.mx.data.types.Str
510;__Packages.mx.data.types.Xm
511;__Packages.mx.data.types.Num
512;__Packages.mx.data.formatters.NumberFormatter
513;__Packages.mx.data.types.DataProvider
153;__Packages.mx.data.binding.FieldAccessor
5;__Packages.mx.core.UIObject
6;__Packages.mx.core.UIComponent
7;__Packages.mx.core.View
8;__Packages.mx.core.ScrollView
9;__Packages.mx.controls.listclasses.DataSelector
10;__Packages.mx.events.EventDispatcher
11;__Packages.mx.controls.listclasses.DataProvider
12;__Packages.mx.controls.listclasses.ScrollSelectList
13;__Packages.mx.controls.List
110;__Packages.mx.skins.SkinElement
111;__Packages.mx.styles.CSSTextStyles
112;__Packages.mx.styles.StyleManager
113;__Packages.mx.styles.CSSStyleDeclaration
114;__Packages.mx.skins.Border
115;__Packages.mx.skins.RectBorder
116;__Packages.mx.managers.DepthManager
117;__Packages.mx.events.UIEventDispatcher
118;__Packages.mx.core.ExternalContent
119;__Packages.mx.skins.CustomBorder
120;__Packages.mx.controls.scrollClasses.ScrollThumb
121;__Packages.mx.controls.SimpleButton
122;__Packages.mx.controls.scrollClasses.ScrollBar
123;__Packages.mx.effects.Tween
124;__Packages.mx.controls.listclasses.SelectableRow
125;__Packages.mx.skins.ColoredSkinElement
126;__Packages.mx.core.ext.UIObjectExtensions
127;__Packages.mx.skins.halo.Defaults
128;__Packages.mx.managers.SystemManager
129;__Packages.mx.managers.FocusManager
130;__Packages.mx.skins.halo.FocusRect
131;__Packages.mx.managers.OverlappedWindows
132;__Packages.mx.styles.CSSSetStyle
133;__Packages.mx.core.ext.UIComponentExtensions
134;__Packages.mx.controls.HScrollBar
135;__Packages.mx.controls.Button
136;__Packages.mx.skins.halo.RectBorder
137;__Packages.mx.skins.halo.ButtonSkin
138;__Packages.mx.controls.VScrollBar
139;__Packages.mx.data.components.DataBinding
146;__Packages.mx.data.binding.ComponentMixins
147;__Packages.mx.data.binding.ObjectDumper
148;__Packages.mx.xpath.NodePathInfo
149;__Packages.mx.utils.StringTokenParser
150;__Packages.mx.xpath.FilterExpr
151;__Packages.mx.xpath.FilterStack
152;__Packages.mx.xpath.XPathAPI
154;__Packages.mx.data.kinds.Data
158;__Packages.mx.data.binding.Log
159;__Packages.mx.utils.ClassFinder
160;__Packages.mx.data.binding.CustomFormatter
161;__Packages.mx.data.binding.CustomValidator
162;__Packages.mx.data.binding.DateBase
163;__Packages.mx.data.binding.Encoder
164;__Packages.mx.data.binding.Kind
165;__Packages.mx.utils.Iterator
166;__Packages.mx.utils.Collection
167;__Packages.mx.utils.IteratorImpl
168;__Packages.mx.utils.CollectionImpl
169;__Packages.mx.utils.StringFormatter
170;__Packages.mx.controls.UIScrollBar
172;__Packages.mx.controls.RadioButton
189;__Packages.mx.controls.RadioButtonGroup
190;__Packages.mx.controls.CheckBox
207;__Packages.mx.controls.ComboBase
208;__Packages.mx.controls.ComboBox
225;__Packages.mx.controls.TextInput
226;__Packages.mx.managers.PopUpManager
227;__Packages.mx.data.components.connclasses.RPCCall
228;__Packages.mx.data.components.XMLConnector
232;XMLConnector
224;ComboBox
232;XMLConnector
224;ComboBox
232;XMLConnector
224;ComboBox
232;XMLConnector
224;ComboBox
206;CheckBox
188;RadioButton
188;RadioButton
232;XMLConnector
224;ComboBox
206;CheckBox
188;RadioButton
188;RadioButton
232;XMLConnector
224;ComboBox
206;CheckBox
188;RadioButton
188;RadioButton
232;XMLConnector
224;ComboBox
206;CheckBox
188;RadioButton
188;RadioButton
232;XMLConnector
224;ComboBox
232;XMLConnector
224;ComboBox
232;XMLConnector
224;ComboBox
232;XMLConnector
224;ComboBox
206;CheckBox
188;RadioButton
188;RadioButton
232;XMLConnector
224;ComboBox
171;UIScrollBar
232;XMLConnector
224;ComboBox
